Model,Threshold,Accuracy,Kappa,Sensitivity,Specificity
M484,0.05,0.8634713144517067,0.6821551661196019,0.9846699243077512,0.8258542242840574
M484,0.060000000000000005,0.875,0.7043748846160814,0.9820829740346843,0.841764058643352
M484,0.07,0.8831018518518519,0.7201925602309909,0.978921145923158,0.8533618818211556
M484,0.08,0.8908632897603486,0.7358860480306307,0.9770048864616269,0.8641270407708092
M484,0.09,0.8972857661583151,0.749086118682277,0.9750886270000958,0.873137657239718
M484,0.1,0.9030047204066812,0.7611330783903049,0.9739388713231771,0.8809884913908467
M484,0.11,0.9077478213507625,0.7711240388943221,0.9719267988885695,0.8878282332649359
M484,0.12000000000000001,0.9120370370370371,0.7802876322388687,0.970106352400115,0.8940137389597644
M484,0.13,0.915758896151053,0.7884099528290562,0.9690524096962728,0.899217890385702
M484,0.14,0.9188453159041394,0.7950431542147116,0.9668487113155121,0.903946233681268
M484,0.15000000000000002,0.9220225127087872,0.802064158221136,0.9655073296924404,0.908525886936093
M484,0.16,0.9241557734204793,0.8067291612497782,0.963878509150139,0.9118268058405448
M484,0.16999999999999998,0.9266748366013072,0.8122742279390613,0.9618664367155313,0.915752222916109
M484,0.18,0.9292846768336964,0.8181272700061498,0.9602376161732299,0.9196776399916734
M484,0.19,0.9313952432824982,0.8228862534169582,0.9588004215770816,0.9228893448716805
M484,0.2,0.9335738925199709,0.8278312629940178,0.9572674140078566,0.9262200017842805
M484,0.21000000000000002,0.9352532679738562,0.8315582897274028,0.9550637156270959,0.9291045885746573
M484,0.22000000000000003,0.9367057007988381,0.834813335036835,0.9532432691386413,0.931572843250959
M484,0.22999999999999998,0.9380900508351488,0.8379564977173785,0.9517102615694165,0.9338626698783715
M484,0.24,0.9392020697167756,0.8404231224846532,0.9497940021078854,0.9359145924405984
M484,0.25,0.9402233115468409,0.8426448330840004,0.9474944907540481,0.9379665150028251
M484,0.26,0.9413807189542484,0.8452097798917582,0.9451949794002108,0.9401968656139412
M484,0.27,0.9420615468409586,0.8465623752194125,0.9422247772348376,0.9420108841109822
M484,0.28,0.9432416485112564,0.8492585080599433,0.9404043307463831,0.9441222826895055
M484,0.29,0.9440586419753086,0.8510692850778432,0.938488071284852,0.9457876111458055
M484,0.3,0.9448302469135802,0.852720762397729,0.9359969339848615,0.9475718916346983
M484,0.31,0.9458287944807553,0.8550351730230646,0.9344639264156367,0.9493561721235911
M484,0.32,0.9463280682643428,0.8560768544704827,0.932451853981029,0.9506349064739644
M484,0.33,0.9468046477850399,0.8569838081730206,0.9295774647887324,0.9521515448895232
M484,0.33999999999999997,0.9475081699346405,0.8585163302976766,0.927277953434895,0.9537871353376751
M484,0.35,0.947939360929557,0.8593752312408203,0.9249784420810577,0.9550658696880483
M484,0.36,0.9485748002904866,0.860714202225688,0.9222956788349143,0.9567311981443483
M484,0.37,0.9491421568627451,0.8619069199888155,0.9198045415349239,0.9582478365599072
M484,0.38,0.9497549019607843,0.8632647236528678,0.9177924691003162,0.9596752609510215
M484,0.39,0.9500045388525781,0.86369154428392525,0.9155887707195555,0.9606863532280607
M484,0.4,0.9503222585330429,0.8642926377275986,0.9133850723387946,0.9617866595295447
M484,0.41,0.95079883805374,0.8653176977673922,0.9113729999041871,0.9630356558717698
M484,0.42,0.9509803921568627,0.8654804337277073,0.9081153588195842,0.9642846522139947
M484,0.43,0.9515023602033406,0.8666111584134006,0.9059116604388234,0.9656526005888125
M484,0.44,0.9517066085693536,0.8669675332580273,0.9040912139503688,0.9664852648169625
M484,0.45,0.9517746913580247,0.8667913202637801,0.9002586950273067,0.9677639991673358
M484,0.46,0.9515704429920117,0.866010542987153,0.8974801188080866,0.9683587593303
M484,0.47,0.9517066085693536,0.8661307028852672,0.8949889815080962,0.9693103755910429
M484,0.48,0.9520470225127088,0.8667611349860618,0.8923062182619527,0.9705891099414161
M484,0.49,0.9521377995642701,0.8667569011056449,0.8897192679888857,0.9715109881940107
M484,0.5,0.9519789397240378,0.8659983131722067,0.8859825620389,0.9724626044547536
M484,0.51,0.9519108569353667,0.8655439404157966,0.8830123598735269,0.9732952686829036
M484,0.52,0.951797385620915,0.8649335022029382,0.8796589058158475,0.97418740892735
M484,0.53,0.9519335511982571,0.8649806680317215,0.8764012647312446,0.9753769292532786
M484,0.54,0.9517519970951344,0.8641699153857157,0.8728561847274121,0.9762393314895769
M484,0.55,0.9519789397240378,0.864480732612267,0.8698859825620389,0.9774585898236536
M484,0.56,0.9518200798838053,0.8637246701518633,0.8663409025582064,0.9783507300681
M484,0.5700000000000001,0.9512981118373275,0.8619451565132057,0.862125131742838,0.9789752282392126
M484,0.5800000000000001,0.9509350036310821,0.860547592559037,0.85762192200824,0.9798971064918072
M484,0.5900000000000001,0.9508669208424111,0.8600357567384029,0.8542684679505606,0.9808487227525501
M484,0.6000000000000001,0.9503449527959332,0.858244991653804,0.8501485101082686,0.9814434829155143
M484,0.6100000000000001,0.949868373275236,0.8565077271920122,0.8454536744275175,0.9822761471436643
M484,0.6200000000000001,0.9492556281771968,0.8544503382292137,0.8412379036121491,0.982781693282184
M484,0.63,0.9486655773420479,0.8524242317935151,0.8368305068506275,0.9833764534451482
M484,0.64,0.9477805010893247,0.8495336807273738,0.8317524192775702,0.9837927855592232
M484,0.65,0.9470769789397241,0.8470908185133716,0.8264827057583597,0.9845064977547804
M484,0.66,0.94660039941902685,0.8453349072499848,0.8220753089968381,0.98524994795848575
M484,0.67,0.9455564633260711,0.8418956140696608,0.8162307176391683,0.985696018080709
M484,0.68,0.9451706608569354,0.8403932698294233,0.8121107597968765,0.9864692062925625
M484,0.6900000000000001,0.944081336238199,0.836813779875352,0.8063619814122832,0.9868260623903411
M484,0.7000000000000001,0.9432870370370371,0.8341199849187628,0.8015713327584555,0.9872721325125643
M484,0.7100000000000001,0.9425381263616558,0.8314761811056324,0.796301619239245,0.987926368691825
M484,0.7200000000000001,0.9414488017429193,0.8277988688912821,0.7901695889623455,0.9884021768221964
M484,0.7300000000000001,0.9400190631808278,0.823015794165958,0.7826961770623743,0.9888482469444196
M484,0.7400000000000001,0.9389297385620915,0.8193303892482355,0.7768515857047044,0.9892348410503464
M484,0.7500000000000001,0.9377950254175744,0.8153863897832048,0.7701446775893456,0.9898296012133108
M484,0.76,0.9369326434277415,0.8124547125704507,0.7656414678547475,0.9900972432866446
M484,0.77,0.9353213507625272,0.8069844883138995,0.7574973651432404,0.9905135754007197
M484,0.78,0.9343454974582426,0.8034909917721684,0.7514611478394174,0.9911083355636839
M484,0.79,0.9329157588961511,0.79855636508296,0.7440835489125227,0.9915246676777589
M484,0.8,0.9313271604938271,0.7929543809143837,0.7353645683625563,0.9921491658488715
M484,0.81,0.9295570079883806,0.7867420128247369,0.7261665229472071,0.9926844499955393
M484,0.8200000000000001,0.9276506899055919,0.7800962230806998,0.7168726645587813,0.9930710441014661
M484,0.8300000000000001,0.9257443718228032,0.7733475786422348,0.7072913672511258,0.9935468522318375
M484,0.8400000000000001,0.9239969135802469,0.7670541499035856,0.6981891348088531,0.9940821363785054
M484,0.8500000000000001,0.9220679012345679,0.76018493395768,0.6888952764204274,0.994438992476284
M484,0.8600000000000001,0.9196623093681917,0.751687222957562,0.6780684104627767,0.9946471585333214
M484,0.8700000000000001,0.9170751633986928,0.742340043984951,0.6658043499089776,0.9950634906473964
M484,0.8800000000000001,0.9145107116920842,0.7330344357651558,0.6539235412474849,0.9953906087370268
M484,0.89,0.9120143427741467,0.7239207717527276,0.6425217974513749,0.9956582508103607
M484,0.9,0.9089279230210603,0.7125124524566949,0.6283414774360448,0.9960151069081393
M484,0.91,0.905251452432825,0.698886152170776,0.6120532720130306,0.996253010973325
M484,0.92,0.9015522875816994,0.6848934815435039,0.5952860017246335,0.9966098670711036
M484,0.93,0.897081517792302,0.667802510410571,0.5753569033247101,0.9969369851607339
M484,0.9400000000000001,0.8925426652142339,0.6501580634068138,0.5551403660055572,0.9972641032503643
M484,0.95,0.8867329339143064,0.627272596741898,0.5297499281402702,0.9975317453236983
M324,0.05,0.8771105664488017,0.7085678790530052,0.9818913480885312,0.8445891694174325
M324,0.060000000000000005,0.8862790486564996,0.7269074805556703,0.9801667145731532,0.8571386088559788
M324,0.07,0.8935866013071896,0.7416701373443129,0.9775797643000862,0.8675171736997056
M324,0.08,0.8997140522875817,0.7543658555725421,0.9758551307847082,0.8760817200463913
M324,0.09,0.9044798474945533,0.7643013394219449,0.9738430583501007,0.8829511999286288
M324,0.1,0.9088144517066086,0.7733741260324273,0.9713519210501101,0.8894043476967912
M324,0.11,0.9133306100217865,0.7830332492549283,0.969244035642426,0.8959764474975466
M324,0.12000000000000001,0.9164624183006536,0.7897797026644784,0.967519402127048,0.900615576768668
M324,0.13,0.9199119462599855,0.7973028402859246,0.9656989556385934,0.9057007761620127
M324,0.14,0.9225217864923747,0.8029731032022132,0.9636868832039858,0.9097451452701698
M324,0.15000000000000002,0.9254039578794481,0.8093353708403266,0.9617706237424547,0.9141166324679573
M324,0.16,0.928127269426289,0.8154509856844521,0.9603334291463064,0.9181312635679663
M324,0.16999999999999998,0.9298747276688453,0.8193562769123741,0.9589920475232346,0.9208374223094538
M324,0.18,0.931781045751634,0.8236048738896362,0.9571716010347802,0.9239004371487198
M324,0.19,0.9335511982570807,0.8275428811727772,0.9551595286001725,0.926844499955393
M324,0.2,0.9351851851851852,0.8311765896707874,0.9530516431924883,0.9296398727213251
M324,0.21000000000000002,0.9370007262164125,0.835331791520316,0.9515186356232634,0.9324947215035537
M324,0.22000000000000003,0.9379538852578069,0.8373560445584827,0.9491233112963495,0.9344871680494841
M324,0.22999999999999998,0.9391112926652142,0.8398635787807607,0.9465363610232825,0.9368067326850448
M324,0.24,0.9402006172839507,0.8422229762705197,0.9439494107502155,0.9390370832961609
M324,0.25,0.9408360566448801,0.8435544472263803,0.9419373383156079,0.9404942456954233
M324,0.26,0.9418119099491649,0.8457207111526863,0.9399252658810003,0.942397478216909
M324,0.27,0.9425381263616558,0.847259246814026,0.937625754527163,0.9440628066732091
M324,0.28,0.9433778140885984,0.8490839893119855,0.9353262431733257,0.9458768251702501
M324,0.29,0.94414941902687,0.8508556949176336,0.9340806745233304,0.9472745115532162
M324,0.3,0.9449437182280319,0.8525771399287763,0.9316853501964166,0.949058792042109
M324,0.31,0.9461919026870007,0.8555173732307051,0.9301523426271917,0.9511701906206322
M324,0.32,0.9469181190994916,0.8571374940058865,0.9282360831656606,0.9527165670443394
M324,0.33,0.9477351125635439,0.8590372619589319,0.9267988885695123,0.9542332054598983
M324,0.33999999999999997,0.9481436092955701,0.8599133830843189,0.9252658810002874,0.9552442977369375
M324,0.35,0.9484840232389252,0.8605765771663769,0.9232538085656798,0.9563148660302733
M324,0.36,0.9493237109658679,0.8626048527894894,0.9223914918079908,0.9576828144050912
M324,0.37,0.9496187363834423,0.8630810773537141,0.9195171026156942,0.9589615487554644
M324,0.38,0.9502087872185911,0.8644117715937847,0.9177924691003162,0.9602700211139857
M324,0.39,0.9505265068990559,0.8650135485001704,0.9155887707195555,0.9613703274154697
M324,0.4,0.9509803921568627,0.86592864698833,0.9130018204464885,0.9627680137984358
M324,0.41,0.9511392519970951,0.8661050807597719,0.9105106831464981,0.9637493680673268
M324,0.42,0.9510711692084242,0.8657207419119518,0.9082111717926608,0.9643738662384393
M324,0.43,0.951729302832244,0.8672353457862907,0.9063907253042062,0.9658012906295537
M324,0.44,0.9522058823529411,0.8682388286239754,0.9039954009772924,0.9671692390043715
M324,0.45,0.9520697167755992,0.8675494388194154,0.9002586950273067,0.9681505932732626
M324,0.46,0.9524782135076253,0.8684351117677824,0.8984382485388521,0.9692508995747465
M324,0.47,0.9524101307189542,0.8679015551801305,0.8945099166427134,0.9703809438843787
M324,0.48,0.9522966594045026,0.8673006297025023,0.891156462585034,0.9712730841288251
M324,0.49,0.9524782135076253,0.8675592576911119,0.8888569512311967,0.9722247003895679
M324,0.5,0.9524782135076253,0.8673207741302179,0.8862700009581297,0.9730276266095697
M324,0.51,0.9524782135076253,0.8670281252889349,0.8831081728466035,0.9740089808784608
M324,0.52,0.9523647421931736,0.8664830528762953,0.8804254096004599,0.9746929550658697
M324,0.53,0.9521151053013798,0.8654726027256334,0.8765928906773978,0.9755553573021679
M324,0.54,0.9516385257806826,0.863818412716026,0.8722813068889528,0.9762690694977251
M324,0.55,0.9514796659404503,0.863090200633662,0.8690236658043499,0.9770719957177268
M324,0.56,0.9511165577342048,0.8617301097184913,0.8648078949889815,0.9779046599458768
M324,0.5700000000000001,0.9508215323166304,0.8606460984440263,0.8616460668774552,0.9784994201088411
M324,0.5800000000000001,0.9504130355846042,0.8591548974354838,0.8574302960620868,0.9792726083206946
M324,0.5900000000000001,0.9500953159041394,0.8579730061878013,0.8539810290313309,0.9799268444999554
M324,0.6000000000000001,0.9499137618010167,0.8571358082121493,0.8504359490274983,0.9807892467362536
M324,0.6100000000000001,0.9494144880174292,0.8553766664224145,0.8461243652390533,0.9814732209236625
M324,0.6200000000000001,0.9490286855482933,0.8539894751231741,0.8425792852352209,0.9820679810866269
M324,0.63,0.94880174291939,0.8530276249958274,0.8391300182044649,0.9828411692984804
M324,0.64,0.9483478576615831,0.8514190259468051,0.8352974992814027,0.9834359294614446
M324,0.65,0.9476443355119826,0.8490582174801844,0.8306984765737281,0.9839414755999644
M324,0.66,0.946940813362382,0.8466127088442756,0.8254287630545176,0.9846551877955214
M324,0.67,0.9465096223674655,0.8451255587553353,0.8223627479160678,0.9850417819014482
M324,0.68,0.9461465141612201,0.8436850285766853,0.8181469771006994,0.9858744461295983
M324,0.6900000000000001,0.9454883805374001,0.8414173861044145,0.8136437673661013,0.9864097302762661
M324,0.7000000000000001,0.9449210239651417,0.839404159739516,0.8093321835776565,0.9870044904392303
M324,0.7100000000000001,0.9437863108206246,0.8356606869163955,0.8032959662738335,0.9873910845451571
M324,0.7200000000000001,0.9429012345679012,0.8326583351803327,0.798026252754623,0.9878668926755286
M324,0.7300000000000001,0.9419707697893972,0.8294597948363682,0.7922774743700297,0.9884319148303446
M324,0.7400000000000001,0.9409949164851126,0.8262075792205014,0.7871993867969723,0.9887292949118268
M324,0.7500000000000001,0.9402233115468409,0.8234380176824524,0.7817380473316087,0.9894132690992358
M324,0.76,0.9393836238198984,0.8205844069035817,0.777139024623934,0.9897403871888661
M324,0.77,0.9380900508351488,0.8161772682356517,0.7701446775893456,0.9902161953192375
M324,0.78,0.9367510893246187,0.8115131521512429,0.7623838267701447,0.9908704314984982
M324,0.79,0.9355029048656499,0.8072101996539609,0.7556769186547858,0.9913165016207215
M324,0.8,0.933641975308642,0.8009512451211571,0.747053751077896,0.9915544056859071
M324,0.81,0.9323030137981119,0.7962999656947235,0.7400594040433075,0.9919707377999821
M324,0.8200000000000001,0.9309640522875817,0.7916044839136767,0.7329692440356425,0.9924168079222053
M324,0.8300000000000001,0.9292846768336964,0.7857161136924055,0.7243460764587525,0.9928926160525768
M324,0.8400000000000001,0.9275145243282498,0.7795222755925875,0.715627095908786,0.9932792101585036
M324,0.8500000000000001,0.9256762890341321,0.7730818607310064,0.706812302385743,0.9936063282481339
M324,0.8600000000000001,0.9236564996368918,0.7658650932433048,0.6966561272396282,0.9941118743866536
M324,0.8700000000000001,0.9217274872912128,0.7590222650703938,0.6875538947973555,0.9944092544681358
M324,0.8800000000000001,0.9192992011619463,0.750306811646414,0.6759605250550924,0.9948255865822108
M324,0.89,0.9165531953522149,0.7403231057870011,0.6627383347705279,0.9953311327207304
M324,0.9,0.9139887436456063,0.7309930746791178,0.6508575261090351,0.9956582508103607
M324,0.91,0.9109250181554103,0.7197886315911284,0.6369646450129347,0.9959556308918429
M324,0.92,0.9079974582425563,0.7089497766541668,0.6236466417552937,0.996253010973325
M324,0.93,0.9047521786492375,0.6967469378175914,0.6086998179553511,0.9966396050792518
M324,0.9400000000000001,0.9003041031227306,0.6800053576119698,0.5891539714477341,0.9968775091444375
M324,0.95,0.8955156136528686,0.6615346462356446,0.5675960525055093,0.9972938412585125
M144,0.05,0.8758850762527233,0.70660897421906,0.9847657372808278,0.8420911767329824
M144,0.060000000000000005,0.885711692084241,0.726181152282811,0.9828494778192968,0.8555624944241235
M144,0.07,0.8934504357298475,0.7420277134315818,0.9816997221423781,0.8660600113004431
M144,0.08,0.8997140522875817,0.7549250657435884,0.9795918367346939,0.8749219377286109
M144,0.09,0.9046387073347858,0.7650602977877395,0.9767174475423972,0.8822672257412199
M144,0.1,0.9095860566448801,0.7755849199212317,0.9750886270000958,0.8892556576560502
M144,0.11,0.9134213870733479,0.7837776899258646,0.9732681805116413,0.8948464031879144
M144,0.12000000000000001,0.9170524691358025,0.7915902731940831,0.9712561080770337,0.9002289826627412
M144,0.13,0.9207062454611474,0.7995373613877668,0.9691482226693494,0.9056710381538644
M144,0.14,0.9237472766884531,0.8062190045873134,0.9673277761808949,0.9102209534005412
M144,0.15000000000000002,0.9265840595497459,0.8124203809636812,0.9648366388809044,0.9147113926309216
M144,0.16,0.9290123456790124,0.8178297611973697,0.9631120053655265,0.9184286436494483
M144,0.16999999999999998,0.9309413580246914,0.8221312944323711,0.961483184823225,0.9214619204805662
M144,0.18,0.9325753449527959,0.8257501913599247,0.9596627383347706,0.9241680792220537
M144,0.19,0.9345043572984749,0.8301219672584828,0.9581297307655456,0.9271716180450233
M144,0.2,0.9360248729121278,0.8334621645635208,0.9557344064386318,0.929907514794659
M144,0.21000000000000002,0.9370461147421931,0.8356966324031672,0.9539139599501772,0.9318107473161448
M144,0.22000000000000003,0.9388389615105301,0.8398015178615325,0.9521893264347993,0.9346953341065215
M144,0.22999999999999998,0.9401325344952796,0.8427322096760026,0.9504646929194213,0.9369256847176376
M144,0.24,0.9410176107480029,0.8445744762610052,0.9475903037271246,0.9389776072798643
M144,0.25,0.9420842411038489,0.846966147806517,0.9456740442655935,0.9409700538257948
M144,0.26,0.9431281771968046,0.8492870102306527,0.9434703458848328,0.9430219763880215
M144,0.27,0.9437182280319535,0.8504720566807086,0.9408833956117658,0.9445980908198769
M144,0.28,0.9446940813362382,0.8527047907010223,0.9392545750694644,0.9463823713087698
M144,0.29,0.9455337690631809,0.8546220366370845,0.9377215675002395,0.9479584857406251
M144,0.3,0.9462826797385621,0.8561946376280658,0.934847178307943,0.9498319802539625
M144,0.31,0.946872730573711,0.8574552102457844,0.9327392929002587,0.9512594046450769
M144,0.32,0.9473946986201888,0.858579247376634,0.9309188464118041,0.9525084009873018
M144,0.33,0.9477805010893247,0.8593228159225795,0.9286193350579669,0.9537276593213787
M144,0.33999999999999997,0.9485294117647058,0.8610497498644862,0.927086327488742,0.9551848217206411
M144,0.35,0.9490740740740741,0.8622536429643857,0.925361693973364,0.9564338180628662
M144,0.36,0.9497549019607843,0.8637518516380494,0.9230621826195267,0.9580396705028698
M144,0.37,0.9500272331154684,0.8642176744562362,0.9206668582926129,0.9591399768043536
M144,0.38,0.9504130355846042,0.8650074819180671,0.9186547858580052,0.9602700211139857
M144,0.39,0.9507534495279594,0.8656852761151863,0.9166427134233975,0.9613405894073215
M144,0.4,0.9509350036310821,0.8658921228330613,0.9138641372041775,0.9624408957088054
M144,0.41,0.9510484749455338,0.8659528410130586,0.9113729999041871,0.9633627739614
M144,0.42,0.9511165577342048,0.8658277138548884,0.9081153588195842,0.964463080262884
M144,0.43,0.9513208061002179,0.8660854141668889,0.9052409696272875,0.9656228625806643
M144,0.44,0.9513888888888888,0.8659688481873835,0.9020791415157612,0.9666934308740001
M144,0.45,0.9515250544662309,0.8660796788818473,0.8994921912426943,0.9676747851428912
M144,0.46,0.9517066085693536,0.8662989101441456,0.8968094279965507,0.9687453534362268
M144,0.47,0.9520243282498184,0.8668968474693302,0.8944141036696369,0.9699051357540072
M144,0.48,0.9519789397240378,0.866478914583379,0.891156462585034,0.9708567520147501
M144,0.49,0.9518427741466957,0.8658776092975581,0.8884736993388905,0.9715109881940107
M144,0.5,0.9519562454611474,0.8659037010557394,0.8855993101465939,0.9725518184791982
M144,0.51,0.9518654684095861,0.8653540864141112,0.8822458560889145,0.973473696731793
M144,0.52,0.9516158315177923,0.8643612262433995,0.8786049631120053,0.9742766229517947
M144,0.53,0.9514342774146696,0.863550734061534,0.8750598831081728,0.9751390251880929
M144,0.54,0.951661220043573,0.8639326560103348,0.8728561847274121,0.9761203794569839
M144,0.55,0.9516385257806826,0.8635430541004325,0.8694069176966561,0.9771612097421715
M144,0.56,0.9513435003631082,0.862409217095948,0.8656702117466705,0.977934397954025
M144,0.5700000000000001,0.9512527233115469,0.861863261940337,0.8625083836351441,0.9787968001903232
M144,0.5800000000000001,0.9509803921568627,0.860799453146726,0.8589633036313117,0.9795402503940286
M144,0.5900000000000001,0.9506172839506173,0.8594919410336767,0.8554182236274792,0.9801647485651411
M144,0.6000000000000001,0.9500272331154684,0.8574934534312997,0.8510108268659576,0.9807595087281054
M144,0.6100000000000001,0.9496414306463326,0.8561041089677026,0.8473699338890486,0.9813840068992179
M144,0.6200000000000001,0.9490286855482933,0.8540593780674939,0.8432499760467568,0.9818598150295893
M144,0.63,0.9483251633986928,0.8516442716245998,0.8379802625275462,0.9825735272251465
M144,0.64,0.9475989469862018,0.8492595534857361,0.8336686787391012,0.9829601213310732
M144,0.65,0.9471904502541757,0.8477182014048698,0.8294529079237328,0.9837333095429268
M144,0.66,0.9466230936819172,0.8457368323062526,0.825141324135288,0.9843280697058912
M144,0.67,0.9459649600580973,0.8433969262241017,0.8198716106160774,0.9851012579177447
M144,0.68,0.9452841321713871,0.8410606612681005,0.8152725879084028,0.9856365420644125
M144,0.6900000000000001,0.9446259985475671,0.8387517108159164,0.8104819392545751,0.9862610402355251
M144,0.7000000000000001,0.9439678649237473,0.8364541374108666,0.8058829165469005,0.9868260623903411
M144,0.7100000000000001,0.943082788671024,0.8334352970704157,0.8004215770815368,0.9873613465370089
M144,0.7200000000000001,0.9421977124183006,0.8303768109255178,0.7947686116700201,0.9879561066999732
M144,0.7300000000000001,0.9412672476397966,0.827228498893941,0.7894988981508096,0.9883724388140482
M144,0.7400000000000001,0.9399963689179376,0.8229550701147226,0.7826961770623743,0.9888185089362714
M144,0.7500000000000001,0.9386574074074074,0.818460583198323,0.7757976430008623,0.9892051030421982
M144,0.76,0.9379084967320261,0.8157558069468274,0.7706237424547284,0.9898296012133108
M144,0.77,0.93684186637618,0.812171423974325,0.7653540289355178,0.9900675052784964
M144,0.78,0.9358660130718954,0.8087462161082912,0.7596052505509246,0.9905730514170161
M144,0.79,0.9349809368191722,0.8055736198071889,0.7540480981124844,0.9911380735718321
M144,0.8,0.9333242556281772,0.7998834971658881,0.7456165564817476,0.9915841436940553
M144,0.81,0.931849128540305,0.7947276677494812,0.7377598926894702,0.9920896898325751
M144,0.8200000000000001,0.9303513071895425,0.7894891826396582,0.7299990418702692,0.9925357599547983
M144,0.8300000000000001,0.9288307915758897,0.7842157821940194,0.7226214429433745,0.9928331400362803
M144,0.8400000000000001,0.9272648874364561,0.7786101475258893,0.7141899013126377,0.9933981621910964
M144,0.8500000000000001,0.9254493464052288,0.7722228636163974,0.7053751077895947,0.993755018288875
M144,0.8600000000000001,0.9233160856935366,0.7646573032641211,0.6950273066973268,0.99417135040295
M144,0.8700000000000001,0.9207970225127088,0.7557714830663718,0.6835297499281403,0.994438992476284
M144,0.8800000000000001,0.9181644880174292,0.7463835655062907,0.6714573153204944,0.994736372557766
M144,0.89,0.9154411764705882,0.7364610383172034,0.6584267509820829,0.9952121806881375
M144,0.9,0.9126497821350763,0.7262224414478741,0.645300373670595,0.9956285128022125
M144,0.91,0.9098356935366739,0.7158279990741383,0.6322698093321836,0.9959853688999911
M144,0.92,0.9069308278867102,0.7049847153591584,0.6188559931014659,0.9963422249977697
M144,0.93,0.9030501089324618,0.690444993471816,0.6015138449746096,0.9966396050792518
M144,0.9400000000000001,0.8988743645606391,0.6745304514105859,0.5827345022516048,0.9969964611770303
M144,0.95,0.8938362381989833,0.6549731837488737,0.5600268276324615,0.9974425312992535
M54,0.05,0.8850081699346405,0.7244561878276938,0.9811248443039188,0.8551759003181967
M54,0.060000000000000005,0.8937454611474219,0.7423023539009127,0.9794960237616174,0.8671305795937788
M54,0.07,0.9009168482207698,0.7572622019619805,0.978058829165469,0.8769738602908377
M54,0.08,0.9057053376906318,0.7672292310640096,0.9757593178116317,0.883962292205668
M54,0.09,0.9101988017429193,0.7765958506720158,0.972693302673182,0.8908020340797573
M54,0.1,0.9142383805374001,0.7852158408922028,0.9704896042924211,0.8967793737175483
M54,0.11,0.9176652142338417,0.7926382350244481,0.9687649707770433,0.9018050970945966
M54,0.12000000000000001,0.9206835511982571,0.7992921197004454,0.9676152151001246,0.9061171082760877
M54,0.13,0.9240649963689179,0.8067683660284352,0.9658905815847466,0.9110833556368394
M54,0.14,0.9263344226579521,0.8117423381243857,0.9639743221232154,0.9146519166146252
M54,0.15000000000000002,0.9280364923747276,0.8154782027701013,0.962345501580914,0.9173878133642609
M54,0.16,0.9300789760348583,0.8201093441557661,0.9613873718501486,0.9203616141790822
M54,0.16999999999999998,0.9317129629629629,0.823652120469099,0.9589920475232346,0.9232462009694591
M54,0.18,0.9331653957879448,0.826751034467445,0.9562134713040146,0.926011835727243
M54,0.19,0.9348447712418301,0.8305271608357191,0.9544888377886366,0.9287477324768787
M54,0.2,0.9362291212781408,0.8335539841464845,0.9520935134617227,0.9313052011776252
M54,0.21000000000000002,0.9377496368917938,0.8369992535070023,0.9503688799463448,0.9338329318702233
M54,0.22000000000000003,0.9391566811909949,0.8401937784146529,0.9486442464309668,0.9362119725220804
M54,0.22999999999999998,0.9401779230210603,0.842456008590528,0.9467279869694356,0.9381449430517144
M54,0.24,0.9411537763253449,0.844600712612485,0.9446201015617515,0.9400779135813483
M54,0.25,0.9420388525780683,0.846565364906151,0.9427996550732969,0.9418027180539448
M54,0.26,0.9431735657225854,0.84905375036877,0.9400210788540768,0.9441520206976537
M54,0.27,0.9439905591866377,0.8508453468167334,0.9379131934463927,0.9458768251702501
M54,0.28,0.9448302469135802,0.8527113700834412,0.935901121011785,0.9476016296428466
M54,0.29,0.9454202977487292,0.8539700195679274,0.9338890485771774,0.9489993160258126
M54,0.3,0.946078431372549,0.8553750211568605,0.93158953722334,0.9505754304576679
M54,0.31,0.9467592592592593,0.8568709725390783,0.9295774647887324,0.9520920688732268
M54,0.32,0.9475081699346405,0.8585800664992063,0.927948644246431,0.9535789692806376
M54,0.33,0.9480755265068991,0.8597882724369532,0.9257449458656702,0.9550063936717519
M54,0.33999999999999997,0.9486428830791576,0.8610110099336128,0.923637060457986,0.9564040800547179
M54,0.35,0.9489832970225127,0.8616415892980313,0.9212417361310722,0.9575936003806466
M54,0.36,0.9492329339143064,0.862037077175245,0.9187505988310817,0.9586939066821304
M54,0.37,0.9492556281771968,0.8618701004169818,0.9163552745041679,0.959467094893984
M54,0.38,0.9496187363834423,0.8626083687859267,0.9144390150426368,0.9605376631873197
M54,0.39,0.9500045388525781,0.8633266030201359,0.9116604388234167,0.9619056115621376
M54,0.4,0.9502995642701525,0.8638441599353659,0.9091693015234262,0.963065393879918
M54,0.41,0.9505718954248366,0.8643505454008493,0.9071572290888186,0.964046748148809
M54,0.42,0.950730755265069,0.8644711129960088,0.9040912139503688,0.9652065304665893
M54,0.43,0.9508215323166304,0.8644536259371869,0.9014084507042254,0.9661581467273322
M54,0.44,0.9510257806826434,0.8647806604258343,0.8993005652965411,0.9670800249799268
M54,0.45,0.950730755265069,0.863754920630298,0.8964261761042445,0.9675855711184465
M54,0.46,0.9509123093681917,0.863978441883839,0.8938392258311776,0.968626401403634
M54,0.47,0.9510938634713144,0.8642569028806683,0.8918271533965699,0.9694888036399322
M54,0.48,0.9512300290486565,0.8643560504643001,0.8891443901504263,0.9704998959169715
M54,0.49,0.9511165577342048,0.8637734628908025,0.8860783750119766,0.9713028221369733
M54,0.5,0.9512981118373275,0.8640531697058216,0.884066302577369,0.9721652243732715
M54,0.51,0.9511165577342048,0.8633002747747284,0.8810961004119958,0.9728491985606804
M54,0.52,0.9511392519970951,0.8630847918681073,0.8782217112196992,0.973771076813275
M54,0.53,0.9513208061002179,0.8633923690689177,0.8764970777043212,0.9745442650251286
M54,0.54,0.9510711692084242,0.8624197521673064,0.8731436236466418,0.9752579772206857
M54,0.55,0.9507761437908496,0.8612687113196972,0.869215291750503,0.9760906414488357
M54,0.56,0.9503903413217138,0.8599125898715864,0.8656702117466705,0.9766854016118001
M54,0.5700000000000001,0.9501180101670298,0.8588865861738331,0.8625083836351441,0.9773098997829125
M54,0.5800000000000001,0.9497549019607843,0.8576091986559987,0.8592507425505413,0.9778451839295804
M54,0.5900000000000001,0.9493010167029775,0.8560598367296239,0.8557056625467089,0.9783507300681
M54,0.6000000000000001,0.9489832970225127,0.8548723683784989,0.8522563955159529,0.9790049662473608
M54,0.6100000000000001,0.9484386347131445,0.853043356159528,0.8484238765928906,0.9794807743777322
M54,0.6200000000000001,0.9483478576615831,0.8524732716020829,0.8452620484813643,0.9803431766140304
M54,0.63,0.9474400871459695,0.8495520755023431,0.8402797738813835,0.98070003271180894
M54,0.64,0.9470769789397241,0.8482221347984301,0.8368305068506275,0.9812947928747733
M54,0.65,0.9465096223674655,0.8461787771846704,0.8318482322506467,0.9820977190947751
M54,0.66,0.9462372912127814,0.8450657167605297,0.8283031522468142,0.9828411692984804
M54,0.67,0.9456245461147422,0.8429051822265529,0.8235125035929864,0.9835251434858893
M54,0.68,0.945079883805374,0.8410024313034676,0.8194883587237712,0.9840604276325572
M54,0.6900000000000001,0.9445806100217865,0.8391677178565586,0.8150809619622497,0.9847741398281143
M54,0.7000000000000001,0.9438090050835148,0.8364977409368601,0.8098112484430392,0.9853986379992268
M54,0.7100000000000001,0.9429239288307916,0.8335463747047906,0.8048289738430584,0.9857852321051536
M54,0.7200000000000001,0.9424927378358751,0.8318496024542517,0.8003257641084602,0.9866178963333035
M54,0.7300000000000001,0.9418572984749455,0.8296226845286593,0.7960141803200154,0.9871234424718233
M54,0.7400000000000001,0.9408360566448801,0.8262835592480262,0.791127718693111,0.9873018705207125
M54,0.7500000000000001,0.9397921205519245,0.8226960737813755,0.784899875443135,0.9878668926755286
M54,0.76,0.9387935729847494,0.8192978804278965,0.7793427230046949,0.9882832247896036
M54,0.77,0.9381354393609296,0.8169740759845039,0.7751269521893265,0.9887292949118268
M54,0.78,0.9371822803195352,0.8136405316574195,0.7693781738047332,0.9892645790584946
M54,0.79,0.9360702614379085,0.8098767162542845,0.7637252083932164,0.9895619591399768
M54,0.8,0.9350036310820624,0.8061745091769802,0.7577848040624701,0.9900080292622
M54,0.81,0.9333923384168482,0.8006238584126223,0.7493532624317333,0.9905135754007197
M54,0.8200000000000001,0.9321668482207698,0.7963294154603185,0.7426463543163745,0.9909893835310911
M54,0.8300000000000001,0.9310321350762527,0.792281805587882,0.7361310721471688,0.9915246676777589
M54,0.8400000000000001,0.9293300653594772,0.7862559110281179,0.7269330267318195,0.9921491658488715
M54,0.8500000000000001,0.9277414669571532,0.780658788799525,0.7187889240203124,0.9925952359710947
M54,0.8600000000000001,0.9259259259259259,0.7741816405033239,0.7093034396857334,0.9931602581259107
M54,0.8700000000000001,0.9239288307915758,0.7671097626392738,0.6995305164319249,0.9935765902399857
M54,0.8800000000000001,0.9216594045025418,0.758945614124551,0.6881287726358148,0.9941416123948018
M54,0.89,0.9193899782135077,0.7509006589835528,0.677780971543547,0.9943795164599875
M54,0.9,0.916621278140886,0.7410066448343312,0.6652294720705183,0.9946471585333214
M54,0.91,0.9136937182280319,0.7303624514880425,0.6516240298936476,0.9950337526392482
M54,0.92,0.9104030501089324,0.7182842283510393,0.636485580147552,0.995420346745175
M54,0.93,0.9072939360929557,0.7066244203996177,0.6217303822937625,0.9959258928836946
M54,0.9400000000000001,0.9036855482933914,0.6928487345993277,0.6043882341669062,0.9965801290629553
M54,0.95,0.8991693899782135,0.6756420686974072,0.5839800709016001,0.9969964611770303
M38,0.05,0.8686002178649237,0.6918506337776585,0.9829452907923732,0.8331102982722217
M38,0.060000000000000005,0.8791076615831518,0.712440632862928,0.9810290313308422,0.8474737562078092
M38,0.07,0.8868917937545389,0.7280747729711057,0.9795918367346939,0.8581199631248699
M38,0.08,0.8935866013071896,0.7417000941463565,0.9777713902462394,0.8674576976834092
M38,0.09,0.8993509440813362,0.7534043425028119,0.9746095621347131,0.8759925060219467
M38,0.1,0.9043436819172114,0.7638122117950175,0.9725016767270288,0.8831891039938145
M38,0.11,0.9084286492374728,0.7723409457589533,0.9700105394270384,0.8893151336723466
M38,0.12000000000000001,0.9121278140885984,0.7801076593678221,0.9673277761808949,0.8949950932286556
M38,0.13,0.9156454248366013,0.787698234993475,0.965603142665517,0.9001397686382966
M38,0.14,0.9186864560639071,0.7943006987250663,0.963878509150139,0.9046599458768252
M38,0.15000000000000002,0.9215459331880901,0.8005218039086311,0.9618664367155313,0.9090314330746126
M38,0.16,0.9239515250544662,0.8058008589167783,0.9601418032001533,0.9127189460849913
M38,0.16999999999999998,0.9265386710239651,0.8115568420152133,0.9585129826578519,0.9166146251524073
M38,0.18,0.9282180464778504,0.8152080363324902,0.9565009102232442,0.9194397359264876
M38,0.19,0.9306009440813362,0.8205202043350434,0.95439302481556,0.9232164629613109
M38,0.2,0.9325526506899056,0.8249187499448017,0.9527642042732586,0.926279477800577
M38,0.21000000000000002,0.9339370007262164,0.8278665339501599,0.9498898150809619,0.9289856365420645
M38,0.22000000000000003,0.9353440450254176,0.8309540439258799,0.9475903037271246,0.9315431052428108
M38,0.22999999999999998,0.9369326434277415,0.8345287856848753,0.9455782312925171,0.9342492639842983
M38,0.24,0.93815813362382,0.8372136108436019,0.9431829069656031,0.9365985666280072
M38,0.25,0.9394517066085694,0.8401109824675678,0.9410750215579189,0.9389478692717161
M38,0.26,0.9404048656499637,0.8421800005766036,0.9387755102040817,0.9409105778094983
M38,0.27,0.9416530501089324,0.8449705880150546,0.9363801858771678,0.9432896184613555
M38,0.28,0.9426062091503268,0.8470371570475236,0.9337932356041008,0.9453415410235823
M38,0.29,0.9435139796659404,0.8490046992116469,0.9312062853310338,0.9473339875695126
M38,0.3,0.944217501815541,0.8504891231574897,0.9287151480310434,0.9490290540339608
M38,0.31,0.9445125272331155,0.8509410792535014,0.9259365718118233,0.9502780503761858
M38,0.32,0.9449210239651417,0.8517339944743282,0.9237328734310626,0.9514973087102626
M38,0.33,0.9456926289034132,0.8535001991238484,0.9221998658618377,0.9529842091176733
M38,0.33999999999999997,0.9462599854756718,0.8547077024427816,0.9200919804541535,0.9543818955006393
M38,0.35,0.9468046477850399,0.8558357771919182,0.9176966561272396,0.9558390578999019
M38,0.36,0.9472812273057372,0.856770373806217,0.9150138928810961,0.9572962202991644
M38,0.37,0.9479847494553377,0.8583462007332223,0.9130018204464885,0.9588425967228715
M38,0.38,0.9485294117647058,0.8595279331042891,0.9109897480118808,0.9601808070895411
M38,0.39,0.9486882716049383,0.8596366441223532,0.9079237328734311,0.9613405894073215
M38,0.4,0.9490740740740741,0.8603681061790801,0.9053367826003641,0.962649061765843
M38,0.41,0.9492783224400871,0.8606497611632141,0.9028456453003737,0.9636898920510304
M38,0.42,0.9493690994916485,0.8606339217941296,0.9002586950273067,0.9646117703036251
M38,0.43,0.9496641249092229,0.8611767352275299,0.898054996646546,0.9656823385969607
M38,0.44,0.9496641249092229,0.8608926430140091,0.8950847944811727,0.9666042168495554
M38,0.45,0.9500499273783588,0.8616986404286353,0.8931685350196417,0.9677045231510394
M38,0.46,0.9502541757443719,0.8620040472348673,0.8908690236658043,0.9686858774199304
M38,0.47,0.9504811183732752,0.8622959764013958,0.8878030085273546,0.9699348737621554
M38,0.48,0.9503676470588235,0.8617002362302195,0.8846411804158283,0.9707675379903055
M38,0.49,0.9505265068990559,0.8618348170803363,0.8817667912235316,0.9718678442917893
M38,0.5,0.9507080610021786,0.8620842363596577,0.8794672798696943,0.9728194605525322
M38,0.51,0.9504811183732752,0.8611523108204212,0.8759221998658618,0.973622386772534
M38,0.52,0.9504357298474946,0.8607078420836631,0.8725687458081824,0.974603741041425
M38,0.53,0.9503676470588235,0.8602021184887013,0.869215291750503,0.9755553573021679
M38,0.54,0.9502768700072621,0.8596158433925072,0.8656702117466705,0.9765367115710589
M38,0.55,0.9498229847494554,0.8580567713681126,0.8619335057966848,0.977101733725875
M38,0.56,0.9496868191721133,0.8573245033734695,0.8581967998466993,0.9780830879947661
M38,0.5700000000000001,0.9491875453885258,0.8555466460221937,0.8535977771390246,0.9788562762066196
M38,0.5800000000000001,0.948869825708061,0.854316939269088,0.8497652582159625,0.9796294644184732
M38,0.5900000000000001,0.9484840232389252,0.8529424464672822,0.8463159911852065,0.9801944865732893
M38,0.6000000000000001,0.9478939724037764,0.8509430057192533,0.8421002203698381,0.9807297707199572
M38,0.6100000000000001,0.9472585330428468,0.8487220867820628,0.8370221327967807,0.9814732209236625
M38,0.6200000000000001,0.94660039941902685,0.8464714613129571,0.8323272971160295,0.9820679810866269
M38,0.63,0.946078431372549,0.844559760792263,0.8275366484622018,0.9828709073066286
M38,0.64,0.9453068264342774,0.8419218105903895,0.8222669349429913,0.9834954054777411
M38,0.65,0.9448983297022513,0.840421641507904,0.8186260419660822,0.9840901656407054
M38,0.66,0.94414941902687,0.8377870433937634,0.813068889527642,0.9848336158444108
M38,0.67,0.9434685911401598,0.8354214248423082,0.8083740538468909,0.9853986379992268
M38,0.68,0.9429239288307916,0.8334651655062406,0.8041582830315225,0.9859933981621911
M38,0.6900000000000001,0.9419934640522876,0.8303186243467808,0.7986969435661588,0.9864692062925625
M38,0.7000000000000001,0.9407906681190995,0.8262477815880157,0.791798409504647,0.9870342284473786
M38,0.7100000000000001,0.9402006172839507,0.8240722972506374,0.7871035738238957,0.9877182026347875
M38,0.7200000000000001,0.9392020697167756,0.8206556754682159,0.7813547954393025,0.988194010765159
M38,0.7300000000000001,0.9382035221496006,0.8171819583511502,0.7753185781354796,0.988759032919975
M38,0.7400000000000001,0.9372276688453159,0.8138147665396563,0.7697614256970394,0.9892051030421982
M38,0.7500000000000001,0.936501452432825,0.8112059938343222,0.7649707770432117,0.9897403871888661
M38,0.76,0.9353894335511983,0.8073593158549356,0.7588387467663121,0.9901864573110893
M38,0.77,0.9343908859840232,0.803837215529138,0.7529941554086423,0.990692003449609
M38,0.78,0.9330292302106028,0.7992498932063214,0.7466704991855897,0.9908704314984982
M38,0.79,0.9317583514887436,0.7947790822721341,0.7396761521510012,0.9913759776370179
M38,0.8,0.9306009440813362,0.790583888112065,0.7326818051164128,0.9920302138162785
M38,0.81,0.9293073710965868,0.7860404200493513,0.725974897001054,0.9924168079222053
M38,0.8200000000000001,0.9268563907044299,0.7776093129295648,0.714764779151097,0.9926844499955393
M38,0.8300000000000001,0.9250181554103123,0.7711142407227698,0.7056625467088243,0.9931007821096143
M38,0.8400000000000001,0.9237472766884531,0.7665710092879061,0.6992430775126952,0.9934279001992447
M38,0.8500000000000001,0.9217274872912128,0.7593585091604104,0.6893743412858101,0.9938442323133196
M38,0.8600000000000001,0.9197303921568627,0.7522543412406762,0.6800804828973843,0.9941118743866536
M38,0.8700000000000001,0.9171205519244735,0.7429389751251848,0.6681996742358915,0.9943795164599875
M38,0.8800000000000001,0.9150780682643428,0.7354081552572922,0.6580434990897768,0.994855324590359
M38,0.89,0.9126043936092956,0.7261621892459291,0.6455878125898247,0.9954798227614714
M38,0.9,0.9096087509077705,0.7151985064176345,0.632173996359107,0.9957177268266572
M38,0.91,0.9068173565722585,0.704815011361765,0.6194308709399252,0.9960151069081393
M38,0.92,0.9036855482933914,0.6928955231833762,0.6045798601130593,0.9965206530466589
M38,0.93,0.8999863834422658,0.6789117164485496,0.5881958417169685,0.9967585571118447
M38,0.9400000000000001,0.8961510530137982,0.6641647886734059,0.5710453195362653,0.9970559371933267
M38,0.95,0.8911129266521424,0.6445496885956126,0.5488167097825045,0.9973533172748089
M76,0.05,0.8880265068990559,0.7304932139177002,0.9800709016000767,0.8594581734915395
M76,0.060000000000000005,0.895878721859114,0.74656582503918,0.978058829165469,0.8703720224819341
M76,0.07,0.9028004720406682,0.7609043506635731,0.9753760659193255,0.8802747791952895
M76,0.08,0.9077478213507625,0.7712053937518957,0.9725016767270288,0.8876498052160466
M76,0.09,0.9117420116194626,0.7797018791324772,0.9705854172654977,0.8934784548130966
M76,0.1,0.9158269789397241,0.7885365521465466,0.9688607837501197,0.899366580426443
M76,0.11,0.9195034495279594,0.7966009774334031,0.9674235891539714,0.904630207868677
M76,0.12000000000000001,0.9222948438634713,0.802647739116617,0.9652198907732107,0.9089719570583162
M76,0.13,0.9250635439360929,0.8088096399302809,0.963878509150139,0.9130163261664733
M76,0.14,0.9273102759622367,0.813718795240214,0.9616748107693782,0.9166443631605555
M76,0.15000000000000002,0.92926198257080606,0.818052135641486,0.9600459902270767,0.9197073779998216
M76,0.16,0.9306463326071169,0.8210355981867993,0.9579381048193926,0.9221756326761233
M76,0.16999999999999998,0.9320760711692084,0.824177682048828,0.956117658330938,0.9246141493442769
M76,0.18,0.9336646695715323,0.8276610890435433,0.9538181469771007,0.9274095221102091
M76,0.19,0.9351397966594045,0.8309110789724453,0.9516144485963399,0.9300264668272519
M76,0.2,0.9364106753812637,0.8336856695226393,0.9493149372425026,0.932405507479109
M76,0.21000000000000002,0.9379992737835875,0.8373120330495853,0.9476861167002012,0.9349927141880037
M76,0.22000000000000003,0.9394970951343501,0.8407832107043662,0.9464405480502059,0.9373420168317126
M76,0.22999999999999998,0.940359477124183,0.8427164637360631,0.9450033534540577,0.9389181312635679
M76,0.24,0.9412445533769063,0.8445855407294073,0.9423205902079141,0.9409105778094983
M76,0.25,0.9420842411038489,0.8464135854133434,0.94021270480023,0.942665120290243
M76,0.26,0.9427877632534495,0.8479566013572316,0.938488071284852,0.9441222826895055
M76,0.27,0.9439905591866377,0.8507123962295231,0.9365718118233208,0.9462931572843251
M76,0.28,0.9448075526506899,0.8525144030348365,0.9344639264156367,0.9480179617569215
M76,0.29,0.9454883805374001,0.8539795304662638,0.932260228034876,0.9495940761887769
M76,0.3,0.9462145969498911,0.8556199832432286,0.9306314074925744,0.9510512385880394
M76,0.31,0.94660039941902685,0.8563655023564113,0.9284277091118137,0.952240758913968
M76,0.32,0.9470996732026143,0.8574152900665302,0.9264156366772061,0.9535194932643412
M76,0.33,0.9477578068264343,0.858930333544522,0.9250742550541343,0.9547982276147143
M76,0.33999999999999997,0.9483024691358025,0.8601304286942827,0.9233496215387563,0.9560472239569394
M76,0.35,0.9483478576615831,0.8599182638978288,0.9199003545080003,0.9571772682665715
M76,0.36,0.9486655773420479,0.8605269359561366,0.9178882820733928,0.958218098551759
M76,0.37,0.948869825708061,0.8607701260154985,0.9150138928810961,0.9593778808695393
M76,0.38,0.9492556281771968,0.8615460066267803,0.9129060074734119,0.9605376631873197
M76,0.39,0.9493237109658679,0.861465412866075,0.9102232442272684,0.9614595414399143
M76,0.4,0.9494598765432098,0.8615211552116561,0.9071572290888186,0.9625895857495465
M76,0.41,0.949868373275236,0.8623340791706571,0.9047619047619048,0.9638683200999197
M76,0.42,0.9498910675381264,0.8621658446213737,0.9023665804349909,0.9646415083117733
M76,0.43,0.9500045388525781,0.8622108889735782,0.899779630161924,0.9655931245725161
M76,0.44,0.9500045388525781,0.8619655319260684,0.897192679888857,0.9663960507925179
M76,0.45,0.9500726216412491,0.8619212912902604,0.8948931685350197,0.9671989770125197
M76,0.46,0.9501633986928104,0.8619443381088162,0.8926894701542589,0.9680019032325214
M76,0.47,0.9501633986928104,0.8616880748349813,0.8900067069081153,0.9688345674606715
M76,0.48,0.9502087872185911,0.861520270045828,0.8870365047427422,0.9698159217295625
M76,0.49,0.9502087872185911,0.861299120084176,0.8847369933889049,0.9705296339251197
M76,0.5,0.9502087872185911,0.8610680031833909,0.882341669061991,0.9712730841288251
M76,0.51,0.9503676470588235,0.8612662264280705,0.8801379706812302,0.9721652243732715
M76,0.52,0.950458424110385,0.861251306484873,0.8775510204081632,0.9730871026258662
M76,0.53,0.9503222585330429,0.8606181911737694,0.8746766312158666,0.9738008148214232
M76,0.54,0.9505265068990559,0.8609722889467389,0.8728561847274121,0.9746334790495733
M76,0.55,0.9502995642701525,0.8600433098087847,0.8694069176966561,0.9754066672614269
M76,0.56,0.9499591503267973,0.8588235515659516,0.8660534636389767,0.9760014274243911
M76,0.5700000000000001,0.9497095134350036,0.8578558418065865,0.8628916355274504,0.9766556636036519
M76,0.5800000000000001,0.9493237109658679,0.8564115362905599,0.8585800517390054,0.9774883278318018
M76,0.5900000000000001,0.9488244371822803,0.8547314030245151,0.8549391587620964,0.9779641359621732
M76,0.6000000000000001,0.9483932461873639,0.8532237670530605,0.8512982657851873,0.9785291581169894
M76,0.6100000000000001,0.9480528322440087,0.8519991870633622,0.848136437673661,0.9790644422636572
M76,0.6200000000000001,0.9475535584604212,0.8502710262835116,0.8442081057775223,0.9796294644184732
M76,0.63,0.9472812273057372,0.8492365169947418,0.8412379036121491,0.9801944865732893
M76,0.64,0.946940813362382,0.8479045615445416,0.8372137587429338,0.9809974127932911
M76,0.65,0.9463961510530138,0.8460797899465691,0.8336686787391012,0.9813840068992179
M76,0.66,0.9458741830065359,0.8442337586402293,0.8294529079237328,0.9820085050703304
M76,0.67,0.9454883805374001,0.842761369056547,0.8254287630545176,0.9827519552740357
M76,0.68,0.9453295206971678,0.8419928576186322,0.8223627479160678,0.9834954054777411
M76,0.6900000000000001,0.9446713870733479,0.8396534739283639,0.8171888473699339,0.9842388556814464
M76,0.7000000000000001,0.9440586419753086,0.8375008419850136,0.8126856376353359,0.9848336158444108
M76,0.7100000000000001,0.9434685911401598,0.835409978943631,0.8082782408738143,0.985428376007375
M76,0.7200000000000001,0.9429466230936819,0.8335255807585573,0.8041582830315225,0.9860231361703393
M76,0.7300000000000001,0.9421977124183006,0.8308983700828572,0.7989843824853885,0.9866476343414519
M76,0.7400000000000001,0.9414034132171387,0.8282325347979068,0.794576985723867,0.9869747524310821
M76,0.7500000000000001,0.9406771968046478,0.8256765120417382,0.7896905240969627,0.9875397745858983
M76,0.76,0.9397467320261438,0.8225374439119947,0.7846124365239053,0.9878966306836768
M76,0.77,0.9388162672476398,0.8193712508009818,0.7794385359777714,0.9882832247896036
M76,0.78,0.9377496368917938,0.8157089556137123,0.7734023186739485,0.988759032919975
M76,0.79,0.9365922294843864,0.8117165900075309,0.7668870365047428,0.9892645790584946
M76,0.8,0.9352759622367466,0.8072749255481184,0.760371754335537,0.9895619591399768
M76,0.81,0.9342093318809005,0.803560953288316,0.7544313500047907,0.9900080292622
M76,0.8200000000000001,0.9328703703703703,0.7988960960218923,0.7471495640509725,0.9905135754007197
M76,0.8300000000000001,0.9312817719680465,0.7933978242938802,0.7390054613394653,0.9909596455229429
M76,0.8400000000000001,0.9302832244008714,0.7897918202041814,0.7330650570087189,0.9914949296696107
M76,0.8500000000000001,0.9291485112563544,0.785660336804102,0.7262623359202836,0.9921194278407233
M76,0.8600000000000001,0.9271514161220044,0.7787072279966244,0.7165852256395516,0.99250602194665
M76,0.8700000000000001,0.9253585693536674,0.7722945005515688,0.7071955542780493,0.9930710441014661
M76,0.8800000000000001,0.9232480029048656,0.7647157097347184,0.6963686883203986,0.9936658042644304
M76,0.89,0.9212282135076253,0.7574316336295606,0.6862125131742838,0.99417135040295
M76,0.9,0.918618373275236,0.7481444462233278,0.6742358915397145,0.9944687304844322
M76,0.91,0.9159631445170661,0.7384869351996913,0.6614927661205328,0.9949445386148036
M76,0.92,0.9125590050835148,0.7262248816179668,0.6464501293475137,0.995152704671841
M76,0.93,0.9090187000726216,0.7130802638436762,0.6297786720321932,0.995687988818509
M76,0.9400000000000001,0.9054783950617284,0.6996757792565489,0.612819775797643,0.9963124869896214
M76,0.95,0.9010530137981119,0.6828346930617404,0.5924116125323369,0.9968477711362893
M285,0.05,0.8900462962962963,0.7344308637729138,0.9785378940308518,0.862580664347102
M285,0.060000000000000005,0.8974446259985476,0.7495107284693354,0.9756635048385551,0.8731673952478664
M285,0.07,0.9036401597676107,0.7625023588774369,0.9739388713231771,0.8818211556189967
M285,0.08,0.9077932098765432,0.7712502034806199,0.9721184248347227,0.8878282332649359
M285,0.09,0.9118554829339143,0.7798210126234061,0.9696272875347322,0.8939245249353198
M285,0.1,0.9158269789397241,0.7883460310917985,0.9674235891539714,0.8998126505486662
M285,0.11,0.9192538126361656,0.795717427289167,0.964932451853981,0.9050762779909002
M285,0.12000000000000001,0.9221359840232389,0.8019859943631551,0.9628245664462969,0.909507241204984
M285,0.13,0.924541575889615,0.807319379593463,0.961483184823225,0.9130758021827698
M285,0.14,0.9272194989106753,0.8133033031642845,0.9599501772540002,0.9170606952746305
M285,0.15000000000000002,0.9291938997821351,0.8176809853760422,0.9582255437386222,0.920183186130193
M285,0.16,0.9311909949164852,0.8221231140070124,0.9563092842770912,0.9233948910102001
M285,0.16999999999999998,0.9330292302106028,0.826118128743105,0.9534348950847945,0.926695809914652
M285,0.18,0.9346178286129266,0.8296722997699206,0.9516144485963399,0.929342492639843
M285,0.19,0.9361610384894699,0.8331422153117802,0.9497940021078854,0.9319296993487376
M285,0.2,0.9373865286855483,0.8359561203888866,0.9487400594040433,0.9338626698783715
M285,0.21000000000000002,0.9385893246187363,0.8386377997759005,0.9468237999425122,0.9360335444731912
M285,0.22000000000000003,0.9397694262890341,0.841260383842491,0.9447159145348281,0.9382341570761591
M285,0.22999999999999998,0.9405183369644154,0.8428830200953188,0.9428954680463735,0.9397805334998662
M285,0.24,0.9413807189542484,0.8447102298950296,0.9403085177733065,0.9417135040295002
M285,0.25,0.9423565722585331,0.8469030247694708,0.938488071284852,0.9435572605346894
M285,0.26,0.9433551198257081,0.8491627496877352,0.9366676247963974,0.9454307550480269
M285,0.27,0.9438997821350763,0.8502606977361971,0.9342723004694836,0.9468879174472894
M285,0.28,0.9448075526506899,0.8523164399041849,0.932451853981029,0.948642459928034
M285,0.29,0.9452841321713871,0.8532962975691725,0.9304397815464214,0.9498914562702591
M285,0.3,0.9458968772694263,0.8546645946938772,0.9289067739771966,0.9511701906206322
M285,0.31,0.9464642338416849,0.8558788634468699,0.9268947015425889,0.95253813899545
M285,0.32,0.946940813362382,0.8568350185969366,0.924499377215675,0.9539060873702679
M285,0.33,0.9475535584604212,0.8581546423082443,0.9222956788349143,0.9553929877776787
M285,0.33999999999999997,0.9479847494553377,0.8590065775048285,0.9199003545080003,0.9567014601362
M285,0.35,0.9480982207697894,0.8591088981704563,0.9179840950464693,0.9574449103399054
M285,0.36,0.9482797748729122,0.859382906414733,0.9160678355849382,0.9582775745680554
M285,0.37,0.9482797748729122,0.8590808942499988,0.9129060074734119,0.9592589288369465
M285,0.38,0.9486201888162672,0.8597848201503056,0.9112771869311105,0.9602105450976893
M285,0.39,0.9487109658678287,0.8597766067468686,0.9087860496311201,0.9611026853421358
M285,0.4,0.9490740740740741,0.8605325259511852,0.9070614161157421,0.962113777619175
M285,0.41,0.9489832970225127,0.8600275329092503,0.9041870269234454,0.9628869658310286
M285,0.42,0.9493010167029775,0.8606892541889375,0.9026540193542205,0.963779106075475
M285,0.43,0.949732207697894,0.8615788013390784,0.9004503209734598,0.9650281024177001
M285,0.44,0.9495279593318809,0.8607461554010795,0.897192679888857,0.9657715526214055
M285,0.45,0.9496641249092229,0.8609018254268291,0.8951806074542493,0.9665744788414072
M285,0.46,0.9498456790123457,0.8610825864821079,0.8922104052888761,0.9677342611591876
M285,0.47,0.9502314814814815,0.8618174811998272,0.8895276420427326,0.9690724715258572
M285,0.48,0.9500272331154684,0.860996860958413,0.8864616269042829,0.9697564457132661
M285,0.49,0.9498910675381264,0.8603304205328981,0.88320398581968,0.9705891099414161
M285,0.5,0.9500499273783588,0.8605457313527001,0.8811919133850723,0.9714217741695661
M285,0.51,0.9500499273783588,0.8602848397142389,0.8785091501389288,0.9722544383977161
M285,0.52,0.9499818445896877,0.8598556320907649,0.8759221998658618,0.9729681505932732
M285,0.53,0.9500499273783588,0.8597507111054548,0.8730478106735652,0.9739495048621644
M285,0.54,0.9502541757443719,0.8600284795720227,0.8704608604004982,0.9750200731555001
M285,0.55,0.9500953159041394,0.8592456473496788,0.8667241544505127,0.9759716894162429
M285,0.56,0.949868373275236,0.8583478901026147,0.8636581393120628,0.9766259255955037
M285,0.5700000000000001,0.9494825708061002,0.8569633085104323,0.8599214333620773,0.9772801617747643
M285,0.5800000000000001,0.9493464052287581,0.85630564085073,0.856951231196704,0.9780236119784697
M285,0.5900000000000001,0.9490059912854031,0.8551092246064946,0.8539810290313309,0.9784994201088411
M285,0.6000000000000001,0.9486655773420479,0.8538891206925581,0.8508192009198046,0.979034704255509
M285,0.6100000000000001,0.9483251633986928,0.8526346690772054,0.8473699338890486,0.9796592024266214
M285,0.6200000000000001,0.9479166666666666,0.8511858807235209,0.8438248538852161,0.9802242245814375
M285,0.63,0.9473493100944081,0.8492613144586996,0.8398007090160008,0.9807297707199572
M285,0.64,0.946872730573711,0.8474744136465473,0.8349142473890965,0.9816219109644037
M285,0.65,0.9465777051561365,0.8462953749147369,0.8312733544121874,0.9823653611681089
M285,0.66,0.9463280682643428,0.8453166714859669,0.8283989652198908,0.982930383322925
M285,0.67,0.9457607116920842,0.8433202003615725,0.8239915684583693,0.9835548814940376
M285,0.68,0.945079883805374,0.840980437390946,0.819296732777618,0.9841199036488536
M285,0.6900000000000001,0.9443763616557734,0.838614126756364,0.8149851489891732,0.9845362357629286
M285,0.7000000000000001,0.9437636165577342,0.8364452470861536,0.8103861262814985,0.9851607339340411
M285,0.7100000000000001,0.9431054829339143,0.8341682681280168,0.805978729519977,0.9856662800725607
M285,0.7200000000000001,0.9427423747276689,0.8326905522256542,0.8017629587046086,0.9864989443007107
M285,0.7300000000000001,0.9418119099491649,0.829525479278568,0.7962058062661684,0.9870044904392303
M285,0.7400000000000001,0.9409722222222222,0.8266347297093752,0.7910319057200345,0.98751003657775
M285,0.7500000000000001,0.9400644517066086,0.8235849199560228,0.7861454440931303,0.9878371546673804
M285,0.76,0.9392247639796659,0.8207036693084978,0.7812589824662259,0.9882534867814554
M285,0.77,0.9379311909949165,0.8163373599595504,0.7744562613777906,0.9886698188955304
M285,0.78,0.9371822803195352,0.813666940666928,0.7695697997508862,0.9892051030421982
M285,0.79,0.9360702614379085,0.8098361892584389,0.7634377694739868,0.9896511731644214
M285,0.8,0.934708605664488,0.8052184022643343,0.7566350483855514,0.9899782912540518
M285,0.81,0.9336873638344226,0.8015991634963292,0.7505988310817284,0.9905135754007197
M285,0.8200000000000001,0.9324618736383442,0.7973823544236676,0.7443709878317524,0.99084069349035
M285,0.8300000000000001,0.9313271604938271,0.7933561995662859,0.7379515186356232,0.9913462396288697
M285,0.8400000000000001,0.929920116194626,0.7884226916115418,0.7305739197087285,0.9917923097510929
M285,0.8500000000000001,0.9284676833696441,0.7831776560217006,0.7222381910510683,0.9924762839385018
M285,0.8600000000000001,0.927060639070443,0.7782222696068999,0.7151480310434033,0.9928331400362803
M285,0.8700000000000001,0.9248819898329702,0.7705982256294659,0.7048002299511353,0.9931899961340589
M285,0.8800000000000001,0.9227941176470589,0.7632723143426207,0.6951231196704034,0.9934576382073929
M285,0.89,0.9210239651416122,0.7569546362052508,0.68659576506659,0.9937847562970232
M285,0.9,0.9187772331154684,0.7489052268594176,0.6759605250550924,0.9941416123948018
M285,0.91,0.9162808641975309,0.7397271544424644,0.6634090255820638,0.9947661105659142
M285,0.92,0.913171750181554,0.7283972816165795,0.6489412666475041,0.9951824426799893
M285,0.93,0.9103122730573711,0.7178292578868983,0.6355274504167865,0.9955987747940643
M285,0.9400000000000001,0.906181917211329,0.702441801314021,0.6165564817476287,0.9960745829244357
M285,0.95,0.9017565359477124,0.6856553811719848,0.5961483184823225,0.9966098670711036
M214,0.05,0.8518972403776325,0.6601616070404653,0.9853406151192872,0.8104796740714307
M214,0.060000000000000005,0.8640159767610748,0.6830353821492396,0.9837117945769858,0.8268653165610967
M214,0.07,0.8730936819172114,0.7004587095370809,0.9814122832231484,0.8394742320159396
M214,0.08,0.8833514887436456,0.7208778662979443,0.9799750886270001,0.8533618818211556
M214,0.09,0.8892066085693536,0.7324876678277936,0.9772923253808565,0.8618669521515449
M214,0.1,0.8954475308641975,0.7451384318812193,0.9747053751077895,0.8708478306123056
M214,0.11,0.9000544662309368,0.754632588790155,0.9727891156462585,0.8774794064293574
M214,0.12000000000000001,0.905387618010167,0.7657542945225033,0.9702979783462681,0.8852410265560413
M214,0.13,0.9089052287581699,0.7731418270756762,0.9682859059116604,0.890474915990127
M214,0.14,0.9127405591866377,0.7813338350471799,0.9663696464501293,0.8960953995301395
M214,0.15000000000000002,0.9165305010893247,0.7895145186395173,0.9643575740155217,0.9016861450620037
M214,0.16,0.9191176470588235,0.7951005193228726,0.9625371275270672,0.9056413001457162
M214,0.16999999999999998,0.9224537037037037,0.8023737999998393,0.9601418032001533,0.9107562375472091
M214,0.18,0.9246323529411765,0.8071276638935994,0.9582255437386222,0.9142058464924019
M214,0.19,0.9266067538126361,0.8114946989090723,0.9566925361693973,0.917268861331668
M214,0.2,0.9293754538852578,0.8176999612491749,0.9547762767078662,0.9214916584887144
M214,0.21000000000000002,0.9306690268700073,0.8204244870990189,0.9521893264347993,0.9239896511731645
M214,0.22000000000000003,0.9325072621641249,0.8244526065570388,0.9496023761617323,0.9272013560531716
M214,0.22999999999999998,0.933710058097313,0.8270599372512324,0.9474944907540481,0.9294317066642876
M214,0.24,0.935639070442992,0.8313831513672547,0.9450991664271342,0.9327028875605912
M214,0.25,0.9371141975308642,0.8347047060100009,0.9431829069656031,0.9352306182531894
M214,0.26,0.9381127450980392,0.8368170982011273,0.9405001437194597,0.9373717548398608
M214,0.27,0.9395651779230211,0.8400423450692271,0.9378173804733161,0.9401076515894965
M214,0.28,0.9408814451706609,0.8430001294660197,0.9355178691194788,0.9425461682576501
M214,0.29,0.9420842411038489,0.8456804212134517,0.9330267318194884,0.9448954709013591
M214,0.3,0.9427650689905592,0.847115018618733,0.930727220465651,0.9465013233413626
M214,0.31,0.9433551198257081,0.848148560293983,0.9266072626233592,0.9485532459035894
M214,0.32,0.9439224763979666,0.8493366587542849,0.924499377215675,0.9499509322865555
M214,0.33,0.9443763616557734,0.8502678287830978,0.9225831177541439,0.951140452612484
M214,0.33999999999999997,0.9448529411764706,0.8511823116333916,0.9199003545080003,0.9525976150117466
M214,0.35,0.9457607116920842,0.8533104913641727,0.9185589728849286,0.9542034674517501
M214,0.36,0.9466230936819172,0.8552125274046386,0.9159720226118616,0.956136437981384
M214,0.37,0.9471450617283951,0.8562605049177663,0.9132892593657181,0.957653076396943
M214,0.38,0.9473493100944081,0.8564569586931016,0.9100316182811152,0.9589318107473161
M214,0.39,0.9477124183006536,0.8571212414951084,0.9074446680080482,0.9602105450976893
M214,0.4,0.9480755265068991,0.8577978695972869,0.9049535307080578,0.9614595414399143
M214,0.41,0.9484386347131445,0.8583567877085347,0.9012168247580722,0.9630951318880662
M214,0.42,0.9486655773420479,0.8587392105696678,0.8992047523234646,0.9640170101406608
M214,0.43,0.9489606027596224,0.8591668794939296,0.8958512982657851,0.9654444345317751
M214,0.44,0.9490740740740741,0.8591411063122697,0.8925936571811823,0.9666042168495554
M214,0.45,0.9494144880174292,0.8597815862316756,0.8901983328542684,0.967793737175484
M214,0.46,0.949868373275236,0.8607261766361225,0.8878988215004312,0.9691022095340054
M214,0.47,0.9499818445896877,0.8606947459433638,0.8845453674427517,0.970291729859934
M214,0.48,0.949868373275236,0.8600855095783437,0.8812877263581489,0.9711541320962322
M214,0.49,0.9500726216412491,0.8603623124719433,0.8787007760850819,0.9722247003895679
M214,0.5,0.9501860929557008,0.860395207082937,0.8760180128389384,0.973206054658459
M214,0.51,0.9500953159041394,0.8598029285385466,0.8723771198620294,0.9742171469354982
M214,0.52,0.9497775962236746,0.8586542611504763,0.8691194787774265,0.9748119070984625
M214,0.53,0.949732207697894,0.8581737377815246,0.8654785858005174,0.9758824753917983
M214,0.54,0.9493690994916485,0.8568405141894259,0.8616460668774552,0.9765961875873554
M214,0.55,0.9493690994916485,0.8564332553412256,0.85762192200824,0.9778451839295804
M214,0.56,0.9490059912854031,0.8550108189446244,0.8530228993005653,0.9787968001903232
M214,0.5700000000000001,0.9485748002904866,0.8534912928914229,0.8492861933505796,0.9793915603532876
M214,0.5800000000000001,0.9479620551924474,0.8512952677719626,0.8437290409121395,0.9803134386058822
M214,0.5900000000000001,0.9475989469862018,0.8499401054045062,0.8399923349621539,0.9809974127932911
M214,0.6000000000000001,0.946872730573711,0.8474534908185519,0.8347226214429434,0.9816813869807001
M214,0.6100000000000001,0.9464188453159041,0.8457694106107527,0.8303152246814218,0.9824545751925536
M214,0.6200000000000001,0.94573801742919394,0.843411315571335,0.825332950081441,0.9831088113718143
M214,0.63,0.9450571895424836,0.841096069744966,0.820829740346843,0.983614357510334
M214,0.64,0.9445579157588961,0.8393413082036548,0.8170930343968573,0.9841199036488536
M214,0.65,0.9436501452432825,0.836257427147644,0.811344256012264,0.9847146638118179
M214,0.66,0.9426289034132171,0.8328780747395839,0.8057871035738239,0.9851012579177447
M214,0.67,0.9417892156862745,0.8298341125234912,0.7991760084315417,0.9860528741784875
M214,0.68,0.941221859114016,0.8277003350606423,0.7941937338315608,0.9868558003984893
M214,0.6900000000000001,0.9405864197530864,0.8254955020458992,0.7901695889623455,0.9872721325125643
M214,0.7000000000000001,0.9393836238198984,0.8213045544116754,0.7826003640892977,0.9880453207244179
M214,0.7100000000000001,0.9385212418300654,0.8183273098408451,0.7775222765162403,0.9884913908466411
M214,0.7200000000000001,0.937431917211329,0.8145191352264294,0.7709111813739581,0.9891158890177536
M214,0.7300000000000001,0.9362064270152506,0.8103490275116123,0.7644917121778289,0.9895024831236804
M214,0.7400000000000001,0.9351397966594045,0.806539225461816,0.7577848040624701,0.9901864573110893
M214,0.7500000000000001,0.9339143064633261,0.8023346601431407,0.7514611478394174,0.9905433134088679
M214,0.76,0.9326207334785767,0.7979241071954016,0.7451374916163649,0.9908109554822018
M214,0.77,0.9313498547567175,0.7934170645338176,0.7379515186356232,0.9913759776370179
M214,0.78,0.9299655047204067,0.7885902160938876,0.7308613586279582,0.9917625717429447
M214,0.79,0.927991103848947,0.7817883890562923,0.7215675002395324,0.9920599518244267
M214,0.8,0.9266067538126361,0.7768584034915791,0.7142857142857143,0.99250602194665
M214,0.81,0.9246777414669571,0.7700667274998871,0.7048960429242119,0.9928926160525768
M214,0.8200000000000001,0.923202614379085,0.7645938084792373,0.6963686883203986,0.9936063282481339
M214,0.8300000000000001,0.9212736020334059,0.7577139776477829,0.6870748299319728,0.9939631843459125
M214,0.8400000000000001,0.9188680101670298,0.7491673352563315,0.676056338028169,0.9942308264192464
M214,0.8500000000000001,0.9168028322440087,0.7417047495509448,0.6662834147743605,0.9945579445088768
M214,0.8600000000000001,0.9139660493827161,0.7313335667602086,0.6527737855705662,0.9950337526392482
M214,0.8700000000000001,0.9119462599854756,0.7238623718087875,0.6430966752898343,0.9953906087370268
M214,0.8800000000000001,0.9098583877995643,0.7160812113510449,0.6331321260898726,0.9957474648348054
M214,0.89,0.9065904139433552,0.704006509057368,0.6185685541822363,0.9959853688999911
M214,0.9,0.9038897966594045,0.6938382680469104,0.6062086806553607,0.9962827489814732
M214,0.91,0.9005083514887436,0.6808689125785337,0.5903995400977292,0.9967585571118447
M214,0.92,0.8971269063180828,0.6678978027497013,0.5752610903516336,0.9970261991851785
M214,0.93,0.8931327160493827,0.6524034349957089,0.557535690332471,0.9972938412585125
M214,0.9400000000000001,0.8879357298474946,0.631939451629784,0.5346363897671744,0.9975912213399947
M214,0.95,0.8831472403776325,0.6126414757147395,0.5132700967711028,0.9979480774377733
M274,0.05,0.8936773783587509,0.7414857558941819,0.9751844399731724,0.8683795759360038
M274,0.060000000000000005,0.9010076252723311,0.7566872330189776,0.9728849286193351,0.8786986647634342
M274,0.07,0.9066358024691358,0.7684406169314676,0.970106352400115,0.8869360930204895
M274,0.08,0.9108115468409586,0.7772797781724519,0.9679026540193543,0.8930918607071698
M274,0.09,0.9145561002178649,0.7852922518176051,0.96579476861167,0.8986528682308859
M274,0.1,0.9178467683369644,0.7924211329442323,0.9639743221232154,0.903529901567193
M274,0.11,0.9211828249818446,0.7997445123794479,0.96224968860783755,0.9084366729116484
M274,0.12000000000000001,0.9236111111111112,0.8050326582213247,0.9602376161732299,0.9122431379546198
M274,0.13,0.9255628177196805,0.8092464405607633,0.958033917792469,0.9154845808427752
M274,0.14,0.9279230210602759,0.8144998691850567,0.9563092842770912,0.9191126178368573
M274,0.15000000000000002,0.929988198983297,0.819142220178795,0.9548720896809428,0.922264846700568
M274,0.16,0.9320760711692084,0.8237963555013352,0.9527642042732586,0.9256549796294644
M274,0.16999999999999998,0.9336646695715323,0.8272537147049436,0.9501772540001916,0.9285395664198411
M274,0.18,0.9351624909222949,0.8305957418216726,0.9482609945386605,0.9310970351205876
M274,0.19,0.9367057007988381,0.8340581522571489,0.9462489221040529,0.9337437178457787
M274,0.2,0.9377269426289034,0.8362896088585475,0.9442368496694452,0.9357064263835608
M274,0.21000000000000002,0.9386120188816267,0.8382354591327508,0.9425122161540672,0.937401492848009
M274,0.22000000000000003,0.9401779230210603,0.8418491259773139,0.9408833956117658,0.9399589615487555
M274,0.22999999999999998,0.9411083877995643,0.8439591680678209,0.9394462010156175,0.9416242900050554
M274,0.24,0.9418572984749455,0.8455769879761355,0.9374341285810098,0.943230142445059
M274,0.25,0.9424246550472041,0.8467679019926615,0.9355178691194788,0.9445683528117287
M274,0.26,0.9430600944081337,0.8481211306883578,0.9335057966848711,0.9460255152109912
M274,0.27,0.9436955337690632,0.8494900195838071,0.93158953722334,0.9474529396021054
M274,0.28,0.944217501815541,0.8505560983504028,0.9293858388425793,0.9488208879769233
M274,0.29,0.9446713870733479,0.851467910097292,0.927277953434895,0.9500698843191483
M274,0.3,0.945147966594045,0.8524397797416287,0.9251700680272109,0.9513486186695215
M274,0.31,0.9455110748002905,0.8530672461844652,0.9223914918079908,0.9526868290361912
M274,0.32,0.9460557371096586,0.8542731341756786,0.9208584842387659,0.9538763493621197
M274,0.33,0.9464415395787945,0.855067515521286,0.9191338507233879,0.9549171796473073
M274,0.33999999999999997,0.9465550108932462,0.8551264136615372,0.9168343393695506,0.9557795818836055
M274,0.35,0.9470542846768337,0.8561631367256259,0.9146306409887899,0.957117792250275
M274,0.36,0.9475081699346405,0.8571087454316102,0.9126185685541822,0.9583370505843518
M274,0.37,0.9476670297748729,0.8573138744115258,0.9106064961195746,0.9591697148125019
M274,0.38,0.9477805010893247,0.8574050110238799,0.9085944236849669,0.9599429030243555
M274,0.39,0.9479847494553377,0.8576796087828858,0.9061032863849765,0.9609837333095429
M274,0.4,0.9481889978213508,0.8580389750104225,0.9044744658426751,0.9617569215213965
M274,0.41,0.9484159404502541,0.8584198657728777,0.9024623934080674,0.9626787997739912
M274,0.42,0.9484840232389252,0.8583885486198102,0.9003545080003833,0.9634222499776965
M274,0.43,0.9486882716049383,0.8586297483079578,0.8974801188080866,0.9645820322954769
M274,0.44,0.9487336601307189,0.8584287018299406,0.8942224777234837,0.9656526005888125
M274,0.45,0.94880174291939,0.8582942243410495,0.8910606496119574,0.9667231688821483
M274,0.46,0.948937908496732,0.8583902285555487,0.8884736993388905,0.9677045231510394
M274,0.47,0.9490740740740741,0.8585711045072371,0.8867490658235125,0.9684182353465964
M274,0.48,0.9494371822803195,0.8593181989494059,0.8848328063619814,0.9694888036399322
M274,0.49,0.9493690994916485,0.8588520346879909,0.8818626041966082,0.9703214678680822
M274,0.5,0.9494144880174292,0.8587716652363327,0.8798505317620006,0.9710054420554911
M274,0.51,0.9493464052287581,0.858302819429162,0.8768803295966274,0.9718381062836411
M274,0.52,0.9490967683369644,0.8572563433332278,0.8728561847274121,0.9727599845362358
M274,0.53,0.9490967683369644,0.8570744411674398,0.8710357382389575,0.9733250066910518
M274,0.54,0.9491421568627451,0.8568851256342531,0.8679697231005078,0.9743360989680911
M274,0.55,0.9489152142338417,0.855956031840034,0.8646162690428284,0.9750795491717965
M274,0.56,0.9485748002904866,0.8547270838784394,0.861262814985149,0.9756743093347607
M274,0.5700000000000001,0.9486201888162672,0.8545805444527234,0.858675864712082,0.9765367115710589
M274,0.5800000000000001,0.9485294117647058,0.8540671006560833,0.8559931014659384,0.9772504237666161
M274,0.5900000000000001,0.9481209150326797,0.8526494360384466,0.852639647408259,0.9777559699051358
M274,0.6000000000000001,0.9478031953522149,0.8514446613554005,0.8490945674044266,0.9784399440925446
M274,0.6100000000000001,0.9473493100944081,0.8498977617207841,0.8457411133467472,0.9788860142147678
M274,0.6200000000000001,0.9469862018881626,0.8485944959658183,0.8424834722621443,0.9794212983614358
M274,0.63,0.9469181190994916,0.8481669957840076,0.8401839609083069,0.9800457965325482
M274,0.64,0.9463507625272332,0.8462657996983851,0.8364472549583214,0.9804621286466233
M274,0.65,0.946078431372549,0.8451249854183465,0.8326147360352592,0.9812947928747733
M274,0.66,0.9455564633260711,0.8432978630241145,0.8285905911660438,0.9818598150295893
M274,0.67,0.9451933551198257,0.841883132473042,0.8245664462968286,0.9826330032414429
M274,0.68,0.9447848583877996,0.8404517338946361,0.8215004311583789,0.9830493353555179
M274,0.6900000000000001,0.9440359477124183,0.8378904783361716,0.816518156558398,0.983614357510334
M274,0.7000000000000001,0.9437182280319535,0.8365743715900671,0.8124940116891827,0.984447021738484
M274,0.7100000000000001,0.943082788671024,0.8342924852856917,0.8075117370892019,0.9851607339340411
M274,0.7200000000000001,0.9424473493100944,0.8319985064195787,0.8025294624892211,0.9858744461295983
M274,0.7300000000000001,0.9415395787944808,0.8289311471012473,0.7972597489700105,0.9863205162518215
M274,0.7400000000000001,0.9409722222222222,0.8269018971704832,0.7931397911277187,0.9868558003984893
M274,0.7500000000000001,0.9400417574437182,0.8237968684091028,0.7882533295008144,0.9871531804799715
M274,0.76,0.939429012345679,0.8216393166713951,0.7842291846315991,0.9875992506021947
M274,0.77,0.9384531590413944,0.8183120827700056,0.7787678451662355,0.9880155827162697
M274,0.78,0.9375907770515614,0.8152713127590127,0.7733065057008719,0.9885806048710858
M274,0.79,0.9369326434277415,0.8129198274581437,0.7689949219124269,0.9890564130014572
M274,0.8,0.9360021786492375,0.8096945206375571,0.7637252083932164,0.9894727451155322
M274,0.81,0.9348901597676107,0.8058015430630442,0.7573057391970873,0.9900080292622
M274,0.8200000000000001,0.9336873638344226,0.8016275179664631,0.7507904570278816,0.9904540993844232
M274,0.8300000000000001,0.9326207334785767,0.7978951499087121,0.7449458656702117,0.9908704314984982
M274,0.8400000000000001,0.9311456063907044,0.792884320206102,0.7380473316086998,0.9910785975555357
M274,0.8500000000000001,0.9297385620915033,0.7879663114755651,0.7307655456548817,0.9914949296696107
M274,0.8600000000000001,0.9281726579520697,0.7824487937913367,0.7226214429433745,0.9919707377999821
M274,0.8700000000000001,0.9265386710239651,0.776659517650139,0.7141899013126377,0.9924465459303535
M274,0.8800000000000001,0.9250181554103123,0.7711976580037434,0.7061416115742072,0.9929520920688732
M274,0.89,0.922998366013072,0.7640454736680073,0.6963686883203986,0.9933386861748
M274,0.9,0.9208651053013798,0.7563493296290974,0.6856376353358244,0.9938739703214678
M274,0.91,0.9181190994916485,0.7466180512464705,0.6732777618089489,0.9941118743866536
M274,0.92,0.915418482207698,0.7367724417914195,0.6602471974705375,0.9946174205251732
M274,0.93,0.9123547567175018,0.7254724610651128,0.6454919996167481,0.9951824426799893
M274,0.9400000000000001,0.9087690631808278,0.7121737542831303,0.6287247293283511,0.995687988818509
M274,0.95,0.9047748729121278,0.6972221648247583,0.6104244514707291,0.9961340589407321
M222,0.05,0.8793799927378358,0.712762000613899,0.9796876497077704,0.8482469444196628
M222,0.060000000000000005,0.8890931372549019,0.7322677353678984,0.9773881383539331,0.8616885241026556
M222,0.07,0.8953794480755265,0.7449650452588619,0.9745137491616365,0.8708180926041573
M222,0.08,0.9014388162672476,0.7575121456072761,0.9722142378077991,0.8794718529752877
M222,0.09,0.9065677196804648,0.7681687501123301,0.969244035642426,0.8871145210693788
M222,0.1,0.9106072984749455,0.7767897037641129,0.9676152151001246,0.8929134326582806
M222,0.11,0.9138071895424836,0.7835597563339792,0.9653157037462873,0.8978202040027359
M222,0.12000000000000001,0.9171886347131445,0.7909033413698258,0.9636868832039858,0.9027567133553395
M222,0.13,0.9198665577342048,0.7966716795812769,0.9615789977963016,0.9069200344960895
M222,0.14,0.9221813725490197,0.8016073017683395,0.9589920475232346,0.9107562375472091
M222,0.15000000000000002,0.9244961873638344,0.8066846668739268,0.9571716010347802,0.914354536533143
M222,0.16,0.9267429193899782,0.8116016986627341,0.9549679026540193,0.9179825735272251
M222,0.16999999999999998,0.9288534858387799,0.816188291126507,0.9522851394078758,0.9215808725131591
M222,0.18,0.9309867465504721,0.820915017438753,0.9499856280540385,0.9250899574746484
M222,0.19,0.9324845679012346,0.8242133728660415,0.9479735556194309,0.927677164183543
M222,0.2,0.9340504720406682,0.8277279443517144,0.9462489221040529,0.9302643708924376
M222,0.21000000000000002,0.9357752360203341,0.8316450644113043,0.9445242885886749,0.9330597436583697
M222,0.22000000000000003,0.9371368917937546,0.8346968949428824,0.9426080291271438,0.9354387843102269
M222,0.22999999999999998,0.9383169934640523,0.837186451554981,0.939350388042541,0.9379962530109733
M222,0.24,0.9393836238198984,0.8395313750553538,0.9371466896617802,0.9400779135813483
M222,0.25,0.9401325344952796,0.8411473035840167,0.9352304302002491,0.9416540280132036
M222,0.26,0.9407452795933188,0.842328452000612,0.932260228034876,0.9433788324858001
M222,0.27,0.9415849673202614,0.8441417574807122,0.9299607166810386,0.9451928509828411
M222,0.28,0.9427423747276689,0.8468247181190247,0.9284277091118137,0.9471852975287716
M222,0.29,0.9436501452432825,0.848876550931352,0.9266072626233592,0.9489398400095161
M222,0.3,0.9440586419753086,0.849625289282774,0.92402031235029225,0.9502780503761858
M222,0.31,0.9444671387073348,0.8504352522677441,0.9220082399156846,0.9514378326939662
M222,0.32,0.9449891067538126,0.8514923252519906,0.9196129155887707,0.9528652570850804
M222,0.33,0.9453749092229484,0.8521668143659771,0.9167385263964741,0.9542629434680465
M222,0.33999999999999997,0.9458514887436456,0.8530814329525211,0.913959950177254,0.95574984387545725
M222,0.35,0.9464415395787945,0.8543992910157863,0.9123311296349526,0.9570285782258304
M222,0.36,0.9468046477850399,0.8550475497320811,0.9096483663888091,0.9583370505843518
M222,0.37,0.946872730573711,0.8549640175903467,0.9070614161157421,0.9592291908287983
M222,0.38,0.9472585330428468,0.855683155340972,0.9044744658426751,0.9605376631873197
M222,0.39,0.9475308641975309,0.8561933484284348,0.9026540193542205,0.9614595414399143
M222,0.4,0.9478485838779956,0.8568204292757435,0.900833572865766,0.9624408957088054
M222,0.41,0.9485067175018156,0.8583253453492384,0.899108939350388,0.9638385820917715
M222,0.42,0.948869825708061,0.8591021343882026,0.8975759317811631,0.9647901983525143
M222,0.43,0.9491194625998548,0.8595543082600279,0.8956596723196321,0.9657120766051089
M222,0.44,0.9491194625998548,0.8593038325186936,0.8930727220465651,0.9665150028251108
M222,0.45,0.9493464052287581,0.8596439804573702,0.8905815847465747,0.9675855711184465
M222,0.46,0.9496414306463326,0.860179202363163,0.8882820733927373,0.9686858774199304
M222,0.47,0.9496187363834423,0.8598978311691561,0.8859825620389,0.96936985160733935
M222,0.48,0.9494598765432098,0.8591426212946032,0.8824374820350676,0.9702619918517857
M222,0.49,0.9495960421205519,0.8592879253119937,0.8803295966273833,0.9710946560799357
M222,0.5,0.9494598765432098,0.8586344107422126,0.8772635814889336,0.9718678442917893
M222,0.51,0.9494371822803195,0.8582631555098597,0.8741017533774073,0.9728194605525322
M222,0.52,0.948937908496732,0.8565466142808887,0.8698859825620389,0.973473696731793
M222,0.53,0.9491875453885258,0.8569070460958458,0.8670115933697423,0.9746929550658697
M222,0.54,0.948869825708061,0.8557017008817336,0.8632748874197567,0.9754364052695751
M222,0.55,0.9486201888162672,0.8546395089431,0.8592507425505413,0.9763582835221697
M222,0.56,0.9485974945533769,0.8543538422293409,0.8570470441697806,0.9770125197014304
M222,0.5700000000000001,0.9481889978213508,0.8528877236987971,0.8532145252467184,0.9776667558806911
M222,0.5800000000000001,0.9477124183006536,0.8511559471647285,0.8486155025390438,0.9784696821006929
M222,0.5900000000000001,0.9470542846768337,0.8488971754109784,0.8436332279390629,0.9791536562881018
M222,0.6000000000000001,0.9466457879448076,0.8474297298598426,0.8399923349621539,0.9797484164510661
M222,0.6100000000000001,0.946010348583878,0.8452426601504697,0.8352974992814027,0.9803729146221786
M222,0.6200000000000001,0.9456018518518519,0.8437507805329998,0.8315607933314171,0.9809974127932911
M222,0.63,0.9451252723311547,0.8420187714466055,0.8273450225160487,0.9816813869807001
M222,0.64,0.9445579157588961,0.8400168181532189,0.8229376257545271,0.9823058851518125
M222,0.65,0.9441267247639796,0.838410589468738,0.8189134808853119,0.98298985933922145
M222,0.66,0.9436728395061729,0.8367935018417288,0.8153684008814793,0.9834954054777411
M222,0.67,0.9431281771968046,0.8348495833919345,0.8111526300661109,0.9840901656407054
M222,0.68,0.9424700435729847,0.832526023000046,0.8063619814122832,0.9847146638118179
M222,0.6900000000000001,0.9417892156862745,0.8301424952523855,0.8016671457315321,0.985279685966634
M222,0.7000000000000001,0.9413353304284677,0.8284713502889152,0.7979304397815464,0.98584470812145
M222,0.7100000000000001,0.9408360566448801,0.8266240408308554,0.7938104819392545,0.9864692062925625
M222,0.7200000000000001,0.9400644517066086,0.8239191842104088,0.7887323943661971,0.9870342284473786
M222,0.7300000000000001,0.9390432098765432,0.8204085189651389,0.7826961770623743,0.9875695125940465
M222,0.7400000000000001,0.93815813362382,0.8174089712226706,0.7779055284085465,0.9878966306836768
M222,0.7500000000000001,0.9372276688453159,0.8141965276696106,0.7725400019162595,0.9883427008059
M222,0.76,0.9364106753812637,0.8112711884622804,0.7671744754239724,0.9889374609688643
M222,0.77,0.935639070442992,0.8084378837636395,0.7617131359586088,0.9896214351562732
M222,0.78,0.9349355482933914,0.8058539270820466,0.7568266743317045,0.9902161953192375
M222,0.79,0.933710058097313,0.8016032571219207,0.7502155791894223,0.9906622654414607
M222,0.8,0.9321441539578794,0.7963416121599747,0.7431254191817572,0.9908109554822018
M222,0.81,0.9310321350762527,0.7923564984347761,0.7366101370125515,0.9913759776370179
M222,0.8200000000000001,0.9298747276688453,0.7883009268122092,0.7305739197087285,0.9917328337347965
M222,0.8300000000000001,0.9281499636891793,0.7822619081699629,0.7218549391587621,0.9921789038570197
M222,0.8400000000000001,0.9268563907044299,0.777673901185207,0.7151480310434033,0.9925654979629465
M222,0.8500000000000001,0.9252224037763254,0.7718957281568334,0.7070039283318962,0.9929520920688732
M222,0.8600000000000001,0.9235884168482208,0.7660932510364178,0.6989556385934655,0.9933089481666518
M222,0.8700000000000001,0.9216140159767611,0.7590715792839582,0.6894701542588867,0.9936658042644304
M222,0.8800000000000001,0.9191857298474946,0.7504260853074548,0.6781642234358533,0.9939929223540607
M222,0.89,0.9172567175018156,0.743418339223933,0.6687745520743509,0.9943795164599875
M222,0.9,0.9147376543209876,0.7341595657620312,0.6564146785474754,0.9949148006066554
M222,0.91,0.9121505083514887,0.7246369758976824,0.6441506179936763,0.9953311327207304
M222,0.92,0.9090640885984024,0.7132234016516863,0.6298744850052698,0.9957177268266572
M222,0.93,0.905319535221496,0.6992737410860927,0.6129155887707196,0.9960745829244357
M222,0.9400000000000001,0.9014161220043573,0.6845541211751291,0.5953818146977101,0.9964017010140661
M222,0.95,0.8966957153231663,0.666390034586877,0.5739197087285618,0.9968775091444375
